WellNo,State,District,Block,Village,Latitude,Longitude,MostRecentDWLR,NumPoints,API request OP 
W194301074284901,Maharashtra ,Ahmednagar,Kopargaon,Rahata,19.71694,74.48028,,,
W203815077030001,Maharashtra ,Akola,Barshitakli,Kanheri (Sarap),20.6375,77.05,,,
W204405077221702,Maharashtra ,Akola,Murtijapur,Murtijapur,20.73472,77.37139,,,
W210430077532801,Maharashtra ,Amravati,Amravati,Wagholi,21.075,77.89111,,,
W210410077190401,Maharashtra ,Amravati,Anjangaon S,Khirgavhan,21.06944,77.31778,,,
W211000077180002,Maharashtra ,Amravati,Anjangaon S,Anjangaon S,21.16667,77.3,,,
W205123077394201,Maharashtra ,Amravati,Bhatkuli,Uttamsara,20.85639,77.66167,,,
W204900078081501,Maharashtra ,Amravati,Chandur Ril,Dhamangaon (Rly),20.81667,78.1375,,,
W211618077510501,Maharashtra ,Amravati,Morshi,Kolwihir,21.27167,77.85139,,,
W211708077591701,Maharashtra ,Amravati,Morshi,Talni,21.28555,77.98805,,,
W212420078022501,Maharashtra ,Amravati,Morshi,Yavali,21.40556,78.04028,,,
W205900078020001,Maharashtra ,Amravati,Tiwsa,Warha,20.98333,78.03333,,,
W212425078120801,Maharashtra ,Amravati,Warud,Karajgaon,21.40694,78.20222,,,
W212727078110001,Maharashtra ,Amravati,Warud,Benoda,21.4575,78.18333,,,
W184300075420001,Maharashtra ,Beed,Beed,Chousala,18.71667,75.7,,,
W211455079395302,Maharashtra ,Bhandara,Mohadi,Warthi,21.24861,79.66472,,,
W205636079421201,Maharashtra ,Bhandara,Pauni,Adyal,20.94333,79.70333,,,
W201859075565101,Maharashtra ,Buldhana,Buldhana,Jamb,20.31639,75.9475,,,
W201958076004001,Maharashtra ,Buldhana,Buldhana,Chandol,20.33278,76.01111,,,
W202642076045801,Maharashtra ,Buldhana,Buldhana,Chikala,20.445,76.08278,,,
W202734075595001,Maharashtra ,Buldhana,Buldhana,Shekapur,20.45944,75.99722,,,
W203025076121101,Maharashtra ,Buldhana,Buldhana,Malvihir,20.50694,76.20306,,,
W201120076094901,Maharashtra ,Buldhana,Chikli,Shelgaon Atol,20.18889,76.16361,,,
W201344076142001,Maharashtra ,Buldhana,Chikli,Bharosa,20.22889,76.23889,,,
W201528076163701,Maharashtra ,Buldhana,Chikli,Rohada,20.25778,76.27695,,,
W201611076205601,Maharashtra ,Buldhana,Chikli,Ambhasi,20.26972,76.34889,,,
W201620076140101,Maharashtra ,Buldhana,Chikli,Malagi,20.27222,76.23361,,,
W195832076014302,Maharashtra ,Buldhana,D Raja,Giroli Bk,19.97556,76.02861,,,
W200013076083202,Maharashtra ,Buldhana,D Raja,Chincholi Bk,20.00361,76.14222,,,
W200436076052101,Maharashtra ,Buldhana,D Raja,Singaon Jahagir,20.07667,76.08916,,,
W200508076122601,Maharashtra ,Buldhana,D Raja,Mandapgaon,20.08556,76.20722,,,
W200542076112602,Maharashtra ,Buldhana,D Raja,Deulgaon Mahi,20.095,76.19055,,,
W200848076165401,Maharashtra ,Buldhana,D Raja,Baigaon Badruk,20.14667,76.28167,,,
W201329076161601,Maharashtra ,Buldhana,D Raja,Mera Khurd,20.22472,76.27111,,,
W205304076121101,Maharashtra ,Buldhana,Malkapur,Malkapur,20.88445,76.20306,,,
W201102076431901,Maharashtra ,Buldhana,Mehkar,Dongaon,20.18389,76.72195,,,
W201435076343001,Maharashtra ,Buldhana,Mehkar,Naygaon,20.24306,76.575,,,
W204042076125001,Maharashtra ,Buldhana,Motala,Motala,20.67833,76.21389,,,
W195159076094201,Maharashtra ,Buldhana,Sindkhedraja,Bhosa,19.86639,76.16167,,,
W195222076123301,Maharashtra ,Buldhana,Sindkhedraja,Chincholi Jahangir,19.87278,76.20917,,,
W195316076154801,Maharashtra ,Buldhana,Sindkhedraja,Wardadi Bk,19.88778,76.26334,,,
W195650076163701,Maharashtra ,Buldhana,Sindkhedraja,Jambhora,19.94722,76.27695,,,
W195703076071501,Maharashtra ,Buldhana,Sindkhedraja,Sindkhed Raja,19.95083,76.12083,,,
W200119076153901,Maharashtra ,Buldhana,Sindkhedraja,Hiwarkhed,20.02194,76.26083,,,
W200345076235901,Maharashtra ,Buldhana,Sindkhedraja,Deolgaon Kol,20.0625,76.39972,,,
W200420076200201,Maharashtra ,Buldhana,Sindkhedraja,Malkapur Pangra,20.07222,76.33389,,,
W200452076190601,Maharashtra ,Buldhana,Sindkhedraja,Dorvhi,20.08111,76.31834,,,
W200936076211101,Maharashtra ,Buldhana,Sindkhedraja,Daregaon,20.16,76.35306,,,
W201213076220701,Maharashtra ,Buldhana,Sindkhedraja,Shindhi,20.20361,76.36861,,,
W201123079021201,Maharashtra ,Chandrapur,Bhadrawati,Nandori (Bk),20.18972,79.03667,,,
W195942079134002,Maharashtra ,Chandrapur,Chandrapur,Morwa,19.995,79.22778,,,
W200023079295401,Maharashtra ,Chandrapur,Chandrapur,Ajaypur,20.00639,79.49834,,,
W203148079261401,Maharashtra ,Chandrapur,Chimur,Malewada,20.53,79.43723,,,
W200600079450001,Maharashtra ,Chandrapur,Mul,Saoli,20.1,79.75,,,
W203448079401201,Maharashtra ,Chandrapur,Nagbhid,Nagbhid,20.58,79.67,,,
W194436078590901,Maharashtra ,Chandrapur,Rajura,Korpana,19.74333,78.98583,,,
W201824078510501,Maharashtra ,Chandrapur,Warora,Madheri,20.30667,78.85139,,,
W202323079111801,Maharashtra ,Chandrapur,Warora,Chargaon,20.38972,79.18833,,,
W202511078573001,Maharashtra ,Chandrapur,Warora,Barwha,20.41972,78.95834,,,
W201730075204501,Maharashtra ,Chhatrapati Sambhajinagar,Kanand,Digar Pishore,20.29167,75.34583,,,
W193622075155601,Maharashtra ,Chhatrapati Sambhajinagar,Paithan,Lohagaon,19.60611,75.26556,,,
W200100074480001,Maharashtra ,Chhatrapati Sambhajinagar,Vaijapur,Khandala,20.01667,74.8,,,
W211502074412301,Maharashtra ,Dhule,Shindkhede,Bhadne,21.25056,74.68972,,,
W212458074540801,Maharashtra ,Dhule,Shirpur,Varzadi,21.41611,74.90222,,,
W213004075010801,Maharashtra ,Dhule,Shirpur,Panakhed,21.50111,75.01889,,,
W195846079492001,Maharashtra ,Gadchiroli,Chamorshi,Bhendala,19.97944,79.82222,,,
W201844079590101,Maharashtra ,Gadchiroli,Gadchiroli,Porla,20.31222,79.98361,,,
W211757080241701,Maharashtra ,Gondia,Amgaon,Anjora,21.29917,80.40472,,,
W212226080165501,Maharashtra ,Gondia,Amgaon,Dahegaon,21.37389,80.28194,,,
W204607080010301,Maharashtra ,Gondia,Arjuni Morgaon,Itakheda,20.76861,80.0175,,,
W210433080150001,Maharashtra ,Gondia,Deori,Dongargaon,21.07583,80.25,,,
W212700080150001,Maharashtra ,Gondia,Gondia,Datora,21.45,80.25,,,
W212146079543101,Maharashtra ,Gondia,Tirora,Vihirgaon,21.36278,79.90861,,,
W212502079561101,Maharashtra ,Gondia,Tirora,Tiroda,21.41722,79.93639,,,
W211232075304501,Maharashtra ,Jalgaon,Chopda,Dhanora,21.20889,75.5125,,,
W204449075481201,Maharashtra ,Jalgaon,Lamner,Shahapur,20.74694,75.80334,,,
W204852076011801,Maharashtra ,Jalgaon,Lamner,Kurha Hardo,20.81444,76.02167,,,
W205736075584401,Maharashtra ,Jalgaon,Muktainagar,Junone,20.96,75.97889,,,
W211250075530001,Maharashtra ,Jalgaon,Raver,Khiroda,21.21389,75.88333,,,
W201600075460002,Maharashtra ,Jalna,Bhokardan,Bhokardhan,20.26667,75.76667,,,
W200730075594602,Maharashtra ,Jalna,Jafrabad,Tembhurni,20.125,75.99611,,,
W193600076123002,Maharashtra ,Jalna,Partur,Partur,19.6,76.20834,,,
W194948076250002,Maharashtra ,Jalna,Partur,Dahiphal,19.83,76.41666,,,
W160939073571601,Maharashtra ,Kolhapur,Bhudargad,Shivdav,16.16083,73.95444,,,
W161251074051201,Maharashtra ,Kolhapur,Bhudargad,Mamdapur,16.21417,74.08667,,,
W205609078511401,Maharashtra,Nagpur,Hingna,Kanholibara,20.93583,78.85389,,,
W192215077370001,Maharashtra,Nanded,Hadgoan,Tamsa,19.37083,77.61667,,,
W214930074124501,Maharashtra,Nandurbar,Akarani,Dhadgaon June,21.825,74.2125,,,
W212052074134901,Maharashtra,Nandurbar,Nandurbar,Nandurbar,21.34778,74.23028,,,
W203200074230001,Maharashtra,Nashik,Baglan,Ravalgaon,20.53333,74.38333,,,
W200246073473201,Maharashtra,Nashik,Nashik,Imd Nashik,20.04611,73.79222,,,
W200458074065501,Maharashtra,Nashik,Niphad,Niphad,20.08278,74.11528,,,
W190015076333001,Maharashtra,Parbhani,Gangakhed,Narwadi,19.00417,76.55833,,,
W192315076411501,Maharashtra,Parbhani,Parbhani,Kausdi,19.3875,76.6875,,,
W182646073472802,Maharashtra,Pune,Haveli,Khadakvasla,18.44611,73.79111,,,
W185345074110001,Maharashtra,Pune,Shirur,Kauthe,18.89583,74.18333,,,
W180015073240001,Maharashtra,Raigad,Mahad,Lohare,18.00417,73.4,,,
W171956073204901,Maharashtra,Ratnagiri,Guhagar,Abloli,17.33222,73.34695,,,
W173516073292501,Maharashtra,Ratnagiri,Khed,Atlote,17.58778,73.49028,,,
W173516073292502,Maharashtra,Ratnagiri,Khed,Lote,17.58778,73.49028,,,
W174235073245901,Maharashtra,Ratnagiri,Khed,Kalambani Bk,17.70972,73.41639,,,
W165330073260201,Maharashtra,Ratnagiri,Lanja,Aagave,16.89167,73.43389,,,
W165353073350701,Maharashtra,Ratnagiri,Lanja,Aasage,16.89806,73.58528,,,
W163619073323801,Maharashtra,Ratnagiri,Rajapur,Hatiwale,16.60528,73.54389,,,
W164449073321501,Maharashtra,Ratnagiri,Rajapur,Kalasavali,16.74694,73.5375,,,
W165917073270901,Maharashtra,Ratnagiri,Ratnagiri,Kapadgaon,16.98806,73.4525,,,
W165917073270902,Maharashtra,Ratnagiri,Sangmeshwar,Sakharpa,16.98806,73.4525,,,
W170254075122802,Maharashtra,Sangli,Jath,Jath,17.04833,75.20778,,,
W171032075271701,Maharashtra,Sangli,Jath,Sonyal,17.17556,75.45472,,,
W170720074014501,Maharashtra,Satara,Karad,Yelegaon,17.12222,74.02917,,,
W175935074313001,Maharashtra,Satara,Phaltan,Nimblak,17.99306,74.525,,,
W173055074034701,Maharashtra,Satara,Satara,Samarthgaon,17.51528,74.06306,,,
W162836073302401,Maharashtra,Sindhudurg,Deogad,Pendhari,16.47667,73.50667,,,
W161159073415501,Maharashtra,Sindhudurg,Kankavali,Osargaon,16.19972,73.69861,,,
W161951073473701,Maharashtra,Sindhudurg,Kankavali,Harkul Bk,16.33083,73.79361,,,
W160135073420001,Maharashtra,Sindhudurg,Kudal,Pawashi,16.02639,73.7,,,
W160700073290501,Maharashtra,Sindhudurg,Malvan,Kandalgaon,16.11667,73.48473,,,
W161236073281101,Maharashtra,Sindhudurg,Malvan,Achra,16.21,73.46972,,,
W162644073453701,Maharashtra,Sindhudurg,Vaibhavawadi,Achirne,16.44555,73.76028,,,
W162948073415501,Maharashtra,Sindhudurg,Vaibhavawadi,Nadhavade,16.49667,73.69861,,,
W155124073412401,Maharashtra,Sindhudurg,Vengurla,Tulas,15.85667,73.69,,,
W172600076133001,Maharashtra,Solapur,Akkalkot,Udagi,17.43333,76.225,,,
W181100075350001,Maharashtra,Solapur,Barshi,Uplai R.S.,18.18333,75.58334,,,
W175340075014101,Maharashtra,Solapur,Malshiras,Akluj,17.89444,75.02805,,,
W172340075124001,Maharashtra,Solapur,Sangola,Wasud,17.39444,75.21111,,,
W174013075552201,Maharashtra,Solapur,Solapur North,Imd Solapur,17.67028,75.92278,,,
W192200073220001,Maharashtra,Thane,Shahapur,Shendrun,19.36667,73.36667,,,
W205954078133901,Maharashtra,Wardha,Arvi,Arvi,20.99833,78.2275,,,
W210620078121201,Maharashtra,Wardha,Ashti,Talegaon,21.10556,78.20333,,,
W203129078490802,Maharashtra,Wardha,Hinganghat,Nandgaon Borgaon,20.52472,78.81889,,,
W210719078222301,Maharashtra,Wardha,Karania,Junapani,21.12194,78.37305,,,
W203102078582101,Maharashtra,Wardha,Samundrapur,Nandori,20.51722,78.9725,,,
W204824078530801,Maharashtra,Wardha,Seloo,Sindi Rly,20.80667,78.88556,,,
W205001078420701,Maharashtra,Wardha,Seloo,Selu,20.83361,78.70194,,,
W204333078350601,Maharashtra,Wardha,Wardha,Sawangi,20.72583,78.585,,,
W202910077285701,Maharashtra,Washim,Karanja,Karanja,20.48611,77.4825,,,
W203031077350501,Maharashtra,Washim,Karanja,Yevta Bandi,20.50861,77.58472,,,
W201233077001001,Maharashtra,Washim,Malegoan,Malegaon,20.20917,77.00278,,,
W201844077201101,Maharashtra,Washim,Mangrulpir,Mangrulpir,20.31222,77.33639,,,
W201315077330401,Maharashtra,Washim,Manora,Dhamni Manora,20.22083,77.55111,,,
W200127076444901,Maharashtra,Washim,Risod,Mothegaon,20.02417,76.74695,,,
W204008078133901,Maharashtra,Yavatmal,Babhulgoan,Sindhi,20.66889,78.2275,,,
W201841077461401,Maharashtra,Yavatmal,Darwha,Darwha,20.31139,77.77055,,,
W202030077520001,Maharashtra,Yavatmal,Darwha,Bori (Arab),20.34167,77.86667,,,
W193604077412901,Maharashtra,Yavatmal,Ghantaji,Kurli,19.60111,77.69139,,,
W195721078064501,Maharashtra,Yavatmal,Ghantaji,Sawali,19.95583,78.1125,,,
W200430078150001,Maharashtra,Yavatmal,Ghantaji,Siroli,20.075,78.25,,,
W194817078414801,Maharashtra,Yavatmal,Kelapur,Patan,19.80472,78.69666,,,
W200127078324701,Maharashtra,Yavatmal,Kelapur,Pandharkawada,20.02417,78.54639,,,
W200611078302001,Maharashtra,Yavatmal,Kelapur,Saykheda,20.10306,78.50555,,,
W200808078371601,Maharashtra,Yavatmal,Kelapur,Karanji,20.13556,78.62111,,,
W202949077515001,Maharashtra,Yavatmal,Ner,Ner,20.49694,77.86389,,,
W203151077553301,Maharashtra,Yavatmal,Ner,Dhanaj (Manekwada),20.53083,77.92583,,,
W201655078425901,Maharashtra,Yavatmal,Ralegoan,Wadki,20.28194,78.71639,,,
W202516078305301,Maharashtra,Yavatmal,Ralegoan,Ralegaon,20.42111,78.51472,,,
W200951078083201,Maharashtra,Yavatmal,Yavatmal,Akolabazar,20.16417,78.14222,,,
W201427078183202,Maharashtra,Yavatmal,Yavatmal,Yelbara,20.24083,78.30889,,,
W153203073473401 ,Goa,North Goa,Bardez,Saligao (Ct),15.53426,73.79285,,,
W153342073460601,Goa,North Goa,Bardez,Arpora,15.56172,73.76845,,,
W153441073514401,Goa,North Goa,Bardez,Aldona (Ct),15.57816,73.8623,,,
W153649073461701,Goa,North Goa,Bardez,Siolim (Ct),15.61365,73.77147,,,
W153721073511601,Goa,North Goa,Bardez,Tivim,15.62262,73.8545,,,
W153932073525201,Goa,North Goa,Bardez,Pirna,15.65886,73.88072,,,
W153302073551701,Goa,North Goa,Bicholim,Naroa,15.55069,73.92142,,,
W153324074005701,Goa,North Goa,Bardez,Sanqulim,15.55668,74.01577,,,
W153454073553201,Goa,North Goa,Bardez,Mayam,15.58174,73.92564,,,
W153823073534401,Goa,North Goa,Bardez,Adwalpale,15.63985,73.89561,,,
W153756073443701,Goa,North Goa,Pernem,Morgim,15.63219,73.74369,,,
W154044073445501,Goa,North Goa,Pernem,Sawantwada,15.67897,73.74862,,,
W154314073444501,Goa,North Goa,Pernem,Corgao,15.72042,73.74574,,,
W154337073501201,Goa,North Goa,Pernem,Varkhand,15.72694,73.83659,,,
W154357073536001,Goa,North Goa,Pernem,Chandel,15.7324,73.8999,,,
W154421073541201,Goa,North Goa,Pernem,Hasapur,15.73929,73.90329,,,
W153141074102201,Goa,North Goa,Satari,Sanvordem,15.52811,74.17267,,,
W153534074022101,Goa,North Goa,Satari,Morlem,15.59276,74.03911,,,
W153625074083001,Goa,North Goa,Satari,Thane,15.60686,74.14158,,,
W152633073541901,Goa,North Goa,Tiswadi,Azossim,15.44237,73.9052,,,
W152923073495301,Goa,North Goa,Tiswadi,Malar,15.4897,73.83146,,,
W152935073550101,Goa,North Goa,Tiswadi,Old Goa,15.49299,73.91694,,,
W145821074052501,Goa,South Goa,Canacona,Poinguinim,14.97256,74.09035,,,
W145955074114901,Goa,South Goa,Canacona,Yedda,14.99867,74.19706,,,
W152001074143101,Goa,South Goa,Dharbandora,Colem,15.33361,74.24203,,,
W152009074144901,Goa,South Goa,Dharbandora,Meidawada,15.33591,74.24692,,,
W152231074133301,Goa,South Goa,Dharbandora,Molem,15.37524,74.22581,,,
W152507073570601,Goa,South Goa,Ponda,Madakai,15.41873,73.95156,,,
W153045073585901,Goa,South Goa,Ponda,Betqui,15.5126,73.98295,,,
W150506074045001,Goa,South Goa,Quepem,Paddi Quiescend,15.08501,74.08057,,,
W151101073565801,Goa,South Goa,Salcete,Kavelosim,15.18364,73.94933,,,
W151248073584601,Goa,South Goa,Salcete,Chinchinim (Ct),15.21333,73.97942,,,
W151528074023101,Goa,South Goa,Salcete,Chandavar,15.25769,74.04184,,,
W151556073574501,Goa,South Goa,Salcete,Margoa,15.26545,73.96257,,,
W151827073582801,Goa,South Goa,Salcete,Manora Rai,15.30746,73.97439,,,
W152120073553901,Goa,South Goa,Salcete,Verna (Ct),15.35555,73.92741,,,
W150854074075201,Goa,South Goa,Sanguem,Colomb,15.1482,74.1312,,,
W265421078325601,Uttar Pradesh,Agra,Bah,Bateshwar,26.90611,78.54889,,,
W270441078053401,Uttar Pradesh,Agra,Barauli Ahir,Digner,27.07823,78.09278,,,
W270922077524301,Uttar Pradesh,Agra,Bichpuri,Nanpur,27.15627,77.87863,,,
W270431078173701,Uttar Pradesh,Agra,Fatehabad,Bahedi,27.07533,78.29387,,,
W274533077535401,Uttar Pradesh,Aligarh,Gonda,Bhaiyan,27.75939,77.89858,,,
W275445078033001,Uttar Pradesh,Aligarh,Lodha,A.M.U.Campus,27.9125,78.05833,,,
W262027082295701,Uttar Pradesh,Ambedkar Nagar,Akbarpur,Hasanpur Jalalpur,26.3411,82.49917,,,
W262713082414401,Uttar Pradesh,Ambedkar Nagar,Akbarpur,Pipari Saidpur,26.45373,82.69564,,,
W261758082362201,Uttar Pradesh,Ambedkar Nagar,Jalalpur,Khajuri Karaundi,26.29972,82.60628,,,
W245758082282001,Uttar Pradesh,Ambedkar Nagar,Katehari,Piyarepur,26.46615,82.47242,,,
W290000078361201,Uttar Pradesh,Amroha,Amroha,Amroha,28.91523,78.47841,,,
W263422082230201,Uttar Pradesh,Ayodhya,Maya Bazar,Gosaiganj,26.58,82.38,,,
W261806082544801,Uttar Pradesh,Azamgarh,Atraulia,Bansepur,26.3018,82.91359,,,
W255725083154601,Uttar Pradesh,Azamgarh,Jahanaganj,Jagdishpur,25.95698,83.26305,,,
W261506083001301,Uttar Pradesh,Azamgarh,Kolisa,Hisamuddinpur,26.2519,83.00385,,,
W255108082592801,Uttar Pradesh,Azamgarh,Lalganj,Ubarpur Lakhimpur,25.85229,82.99119,,,
W255333082433101,Uttar Pradesh,Azamgarh,Martinganj,Mahuja Newada,25.89265,82.82551,,,
W255934083015001,Uttar Pradesh,Azamgarh,Rani Ki Sarai,Fariha,25.99289,83.0306,,,
W260212083033601,Uttar Pradesh,Azamgarh,Rani Ki Sarai,Nadauli,26.03692,83.06012,,,
W260802083052901,Uttar Pradesh,Azamgarh,Tahbarpur,Mahubar Khutoli,26.13407,83.09143,,,
W260938083051201,Uttar Pradesh,Azamgarh,Tahbarpur,Garhan,26.16083,83.08666,,,
W290452077164301,Uttar Pradesh,Baghpat,Baraut,Baraka,29.08112,77.27887,,,
W290119077242001,Uttar Pradesh,Baghpat,Binauli,Sanjarpur Kaidwa,29.0221,77.40583,,,
W285705077250501,Uttar Pradesh,Baghpat,Pilana,Pilana,28.95139,77.41805,,,
W275525081233501,Uttar Pradesh,Bahraich,Balaha,Chandanpur,27.92377,81.39323,,,
W272720081383101,Uttar Pradesh,Bahraich,Huzoorpur,Katghari,27.45566,81.64214,,,
W270744081333401,Uttar Pradesh,Bahraich,Jarwal,Para Parasrampur,27.12913,81.55957,,,
W273605081241801,Uttar Pradesh,Bahraich,Mahasi,Chadpara,27.6015,81.40504,,,
W280646081254901,Uttar Pradesh,Bahraich,Mihinpurwa,Sarra Kalan,28.11286,81.43053,,,
W280130081345401,Uttar Pradesh,Bahraich,Nawabganj,Pach Pakari,28.0251,81.58184,,,
W272936081522501,Uttar Pradesh,Bahraich,Payagpur,Babhaniyawan,27.49358,81.87164,,,
W272647081253101,Uttar Pradesh,Bahraich,Phakharpur,Gujauli Kalan,27.44652,81.42553,,,
W274454081385501,Uttar Pradesh,Bahraich,Risia,Dihwa,27.74838,81.6488,,,
W275100081303001,Uttar Pradesh,Bahraich,Risia,Nanpara,27.85,81.50833,,,
W274817081222101,Uttar Pradesh,Bahraich,Shivpur,Gujrati Purwa,27.80487,81.37269,,,
W273226081280101,Uttar Pradesh,Bahraich,Tejwapur,Sirjapur,27.54061,81.46721,,,
W271906081494901,Uttar Pradesh,Bahraich,Visheshwarganj,Diwanpurwa,27.31842,81.83032,,,
W254617084280101,Uttar Pradesh,Ballia,Bairia,Jogi Baba Mandir,25.77147,84.46714,,,
W254901084075101,Uttar Pradesh,Ballia,Hanumanganj,Basantpur,25.81719,84.13111,,,
W272428082123701,Uttar Pradesh,Balrampur,Balrampur,Maheswari,27.40779,82.21028,,,
W273530082290701,Uttar Pradesh,Balrampur,Gaisri,Chainpur,27.59168,82.48528,,,
W273015082391501,Uttar Pradesh,Balrampur,Pachpedwa,Pachpedwa,27.50417,82.65417,,,
W273136082380101,Uttar Pradesh,Balrampur,Pachpedwa,Pachperwa,27.52688,82.63362,,,
W273425082420101,Uttar Pradesh,Balrampur,Pachpedwa,Sonhwa,27.57363,82.70043,,,
W271644082185201,Uttar Pradesh,Balrampur,Shriduttganj,Agya Buzurg,27.27889,82.31472,,,
W272912082224201,Uttar Pradesh,Balrampur,Tulsipur,Vishnupur Khairaniya,27.4867,82.37836,,,
W254840080222501,Uttar Pradesh,Banda,Jaspura,Jaspura,25.81138,80.37402,,,
W251620080282101,Uttar Pradesh,Banda,Mahuva,Baheri,25.27224,80.47278,,,
W253356080275001,Uttar Pradesh,Banda,Tindwari,Kusreja Dham,25.56556,80.464,,,
W265544081102001,Uttar Pradesh,Bara Banki,Banki,Bara Banki,26.92889,81.17222,,,
W290830078355001,Uttar Pradesh,Bijnor,Budhanpur Seohara,Mahmoodpur,29.14184,78.59749,,,
W292547078335001,Uttar Pradesh,Bijnor,Kotwali,Inayatpur,29.42978,78.56413,,,
W293811078203601,Uttar Pradesh,Bijnor,Nijibabad,Puranpur Garhi,29.63665,78.34334,,,
W290508078231201,Uttar Pradesh,Bijnor,Noorpur,Alauddin Pur,29.0856,78.3867,,,
W281030078570002,Uttar Pradesh,Budaun,Bisauli,Bisauli,28.30444,78.93,,,
W280540078391901,Uttar Pradesh,Budaun,Dahgavan,Bhoyas,28.10914,78.63833,,,
W280352079072801,Uttar Pradesh,Budaun,Sahaswan,Budaun,28.0646,79.1247,,,
W280632078381701,Uttar Pradesh,Budaun,Sahaswan,Shekhpur Saidpur,28.10914,78.63833,,,
W280826079080201,Uttar Pradesh,Budaun,Salarpur,Dugraiyya Brahmpur,28.14056,79.13389,,,
W282413078131101,Uttar Pradesh,Bulandshahr,Anupshahr,Mauzpur,28.40375,78.2198,,,
W281130077555801,Uttar Pradesh,Bulandshahr,Araniya,Baragaon,28.1917,77.93293,,,
W283545077562401,Uttar Pradesh,Bulandshahr,Bhawan Bahadur Nagar,Nirsukha,28.59587,77.94012,,,
W281646078133601,Uttar Pradesh,Bulandshahr,Danpur,Jirauli,28.27958,78.22676,,,
W281033078211601,Uttar Pradesh,Bulandshahr,Dibai,Belgaon,28.17585,78.35446,,,
W283138077471901,Uttar Pradesh,Bulandshahr,Gulaothi,Harchana,28.52731,77.78875,,,
W283120077584001,Uttar Pradesh,Bulandshahr,Lakhaothi,Lakhaothi,28.52222,77.97778,,,
W281831078004901,Uttar Pradesh,Bulandshahr,Shikarpur,Kareera,28.30866,78.01373,,,
W282639077450101,Uttar Pradesh,Bulandshahr,Sikandrabad,Bilsuri,28.4442,77.75041,,,
W283603078105601,Uttar Pradesh,Bulandshahr,Unchagaon,Basi Bangar,28.60098,78.18235,,,
W251132083092501,Uttar Pradesh,Chandauli,Niyamatabad,Shivnathpur,25.19241,83.1571,,,
W252124083161701,Uttar Pradesh,Chandauli,Sakaldiha,Pipari,25.3568,83.2714,,,
W251807081230502,Uttar Pradesh,Chitrakoot,Mau,Mawai Kalan,25.30219,81.38485,,,
W251920081104301,Uttar Pradesh,Chitrakoot,Ramnagar,Sikari,25.32215,81.17848,,,
W254744081163001,Uttar Pradesh,Fatehpur,Airayan,Mahammadpur,25.7956,81.27511,,,
W255638080155001,Uttar Pradesh,Fatehpur,Amauli,Dapsaura,25.94404,80.26391,,,
W254530080531201,Uttar Pradesh,Fatehpur,Asothar,Asothar,25.75836,80.88679,,,
W261049080292101,Uttar Pradesh,Fatehpur,Devmai,Parsadepur,26.18055,80.48935,,,
W253214081135001,Uttar Pradesh,Fatehpur,Dhata,Dhata,25.53729,81.23077,,,
W255409080592401,Uttar Pradesh,Fatehpur,Haswa,Murawan,25.90257,80.9905,,,
W255113081033201,Uttar Pradesh,Fatehpur,Hathgaon,Savant,25.8538,81.059,,,
W260118080395901,Uttar Pradesh,Fatehpur,Malwan,Umarghana,26.02217,80.66646,,,
W255519080482201,Uttar Pradesh,Fatehpur,Telyani,Telyani,25.92215,80.80611,,,
W280725077334001,Uttar Pradesh,Gautam Buddha Nagar,Jewar,Jewar,28.12361,77.56111,,,
W281532077400001,Uttar Pradesh,Gautam Buddha Nagar,Jewar,Chiti,28.25889,77.66666,,,
W281708077380701,Uttar Pradesh,Gautam Buddha Nagar,Jewar,Chauki,28.28556,77.63528,,,
W284858077380901,Uttar Pradesh,Ghaziabad,Muradnagar,Khorajpur,28.81631,77.43611,,,
W285050077343002,Uttar Pradesh,Ghaziabad,Muradnagar,Muradnagar,28.84722,77.575,,,
W252643083484701,Uttar Pradesh,Ghazipur,Bhadaura,Raisenpur,25.4455,83.81331,,,
W253502083195601,Uttar Pradesh,Ghazipur,Devkali,Rasulpur Pachrasi,25.5841,83.3323,,,
W252743083274201,Uttar Pradesh,Ghazipur,Karanda,Damodarpur,25.46209,83.46187,,,
W253800083144601,Uttar Pradesh,Ghazipur,Sadat,Gora,25.63356,83.24616,,,
W253211083085801,Uttar Pradesh,Ghazipur,Saidpur,Rampur Sidhauna,25.53653,83.14957,,,
W261846083283101,Uttar Pradesh,Gorakhpur,Barhalganj,Tiha Muhammadpur,26.31283,83.47538,,,
W264855083115301,Uttar Pradesh,Gorakhpur,Pali,Pali,26.81541,83.19833,,,
W264014083214201,Uttar Pradesh,Gorakhpur,Piprauli,Bhapurwa,26.67056,83.36172,,,
W264242083343901,Uttar Pradesh,Gorakhpur,Sardarnagar,Doomari,26.71184,83.57757,,,
W284709078044501,Uttar Pradesh,Hapur,Garth Mukteshwar,Garh Mukteshwar,28.78583,78.07917,,,
W284324077482101,Uttar Pradesh,Hapur,Hapur,Hapur,28.72333,77.80583,,,
W273458078121601,Uttar Pradesh,Hathras,Hasayan,Mansinghpur,27.58285,78.20448,,,
W273648078102101,Uttar Pradesh,Hathras,Hathras,Radavli,27.61346,78.17254,,,
W253207077553301,Uttar Pradesh,Hathras,Murasan,Bardwari,27.53537,77.92608,,,
W301445075503101,Punjab,Malerkotla,Amargarh,Manvi,30.24583,75.84194,,,
W233716085514501,Jharkhand,Bokaro,Chas,Kamaldih,23.6212,85.86251,,,
W234738085012301,Jharkhand,Chatra,Tandwa,Laharnga,23.79389,85.02306,,,
W241005086343401,Jharkhand,Deoghar,Margomunda,Margomunda,24.16825,86.57611,,,
W231839085190801,Jharkhand,Ranchi,Bero,Harmu,23.31083,85.31889,,,
W233427085392101,Jharkhand,Ramgarh,Chitarpur,Chitarpur,23.57432,85.65585,,,
W320840076011701,Himachal Pradesh,Kangra,Jawali,Basantpur,32.14472,76.02167,,,
W232654077214501,Madhya Pradesh,Bhopal,Berasia,Gunga,23.44833,77.3625,,,
W233716077254001,Madhya Pradesh,Bhopal,Berasia,Berasia,23.62111,77.42778,,,
W215347080474301,Madhya Pradesh,Balaghat,Birsa,Damoh,21.89639,80.79528,,,
W231213075385201,Madhya Pradesh,Ujjain,Ujjain,Ambodia,23.20361,75.64778,,,
W254238077430201,Madhya Pradesh,Shivpuri,Shivpuri,Sewada,25.71056,77.71722,,,
W231720079420601,Madhya Pradesh,Jabalpur,Patan,Patan,23.28889,79.70167,,,
W225051075321201,Madhya Pradesh,Indore,Depalpur,Depalpur,22.8475,75.53667,,,
W255328078201201,Madhya Pradesh,Gwalior,Dabra,Dabra,25.89111,78.33667,,,
W222922088221701,West Bengal,Kolkata,Kolkata,Jadavpur-I,22.5018,88.3716,,,
W223025088094101,West Bengal,Howrah,Uluberia-I,Mugkalyan,22.41278,87.97799,,,
W230824088224801,West Bengal,Hooghly,Balagarh,Inchura,23.13553,88.40507,,,
W240134088104101,West Bengal,Murshidabad,Berhampore,Madhupur,24.02855,88.17629,,,
W231312088283501,West Bengal,Nadia,Santipur,Fulia-Boyra,23.22,88.47639,,,
W255638080155001,Uttar Pradesh,Fatehpur,Amauli,Dapsaura,25.94404,80.26391,,,
W244500073584201,Rajasthan,Udaipur,Mavli,Gadoli,24.75,73.9783,,,
W273445075110001,Rajasthan,Sikar,Piprali,Gokalpura,27.5792,75.1833,,,
W253113075073401,Rajasthan,Shahpura,Jahazpur,Bagudar,25.5205,75.1262,,,
W254923073122501,Rajasthan,Pali,Rohat,Gajangarh,25.8231,73.207,,,
W253323076271301,Rajasthan,Kota,Itawa,Peepalda Kalan,25.5563,76.4537,,,
W252456076143801,Rajasthan,Kota,Sultanpur,Takarwada,25.4156,76.2439,,,
W262844076524501,Rajasthan,Karauli,Karauli,Makanpur,26.4789,76.8794,,,
W261347073014701,Rajasthan,Jodhpur,Jodhpur,Afri(Jodhpur),26.2297,73.0297,,,
W265112075460001,Rajasthan,Jaipur,Jaipur,Mansarovar,26.8533,75.7667,,,
W250630074500001,Rajasthan,Chittorgarh,Begun,Dugar,25.1083,74.8333,,,
W280349073195601,Rajasthan,Bikaner,Bikaner,Beechhwal,28.0637,73.3323,,,
W254355075531301,Rajasthan,Bundi,Nainwa,Phuleta,25.732,75.887,,,
W263408074403601,Rajasthan,Ajmer,Srinagar,Chachiyawas,26.5688,74.6767,,,
W265400070503001,Rajasthan,Jaisalmer,Jaisalmer,Moolsagar,26.9,70.8417,,,
W212820083584001,Odisha,Sambalpur,Maneswar,Dhankauda,21.47222,83.97778,,,
W210103085102801,Odisha,Anugul,Kaniha,Goribandha,21.0175,85.17445,,,
W214338087095102,Odisha,Baleshwar,Basta,Masara,21.72722,87.16417,,,
W200753086035201,Odisha,Cuttack,Niali,Niali,20.13139,86.06445,,,
W195116085375801,Odisha,Puri,Brahmagiri,Chhotapur,19.85444,85.63277,,,
W202236085011602,Odisha,Nayagarh,Ranapur,Darpa-Narayanpur,20.37667,85.02111,,,
W183316082123401,Odisha,Malkangiri,Mathili,Mathili,18.55445,82.20944,,,
W183052082405801,Odisha,Koraput,Nandapur,Satsimile,18.51444,82.68278,,,
W190750084341201,Odisha,Ganjam,Patrapur,Patrapur,19.13056,84.57,,,
W224337072190901,Gujrat,Ahmedabad,Bavla,Dhanwada,22.72683,72.31922,,,
W215050071174501,Gujrat,Amreli,Babra,Babra,21.847,71.296,,,
W212217071401301,Gujrat,Bhavnagar,Jesar,Jesar,21.37139,71.67028,,,
W220644070221401,Gujrat,Jamnagar,Kalavad,Rinari,22.1123,70.37063,,,
W230252072502201,Gujrat,Gandhinagar,Dehgam,Gamij,23.0479,72.83941,,,
W212217071401301,Gujrat,Bhavnagar,Jesar,Jesar,21.37139,71.67028,,,
W230714069334101,Gujrat,Kachchh,Bhuj,Kalol,23.12065,69.56135,,,
W215230073300001,Gujrat,Narmada,Nandod,Rajpipla,21.875,73.5,,,
W205525073140001,Gujrat,Surat,Mahuva,Puna,20.92361,73.23333,,,
W214744070200001,Gujrat,Rajkot,Dhoraji,Moti Vadli,21.79569,70.33355,,,
W220425073024502,Gujrat,Vadodara,Karjan,Handod,22.074,73.046,,,
W235315072092601,Gujrat,Patan,Saraswati,Jaleswar Paldi,23.88742,72.15728,,,
W224235072400501,Gujrat,Kheda,Matar,Matar,22.70972,72.66805,,,
W231824073331801,Gujrat,Mahisagar,Khanpur,Bavaliya,23.30667,73.555,,,
W172250078252001,Telangana,Hyderabad,Golconda,Langar House,17.376,78.42389,,,
W183042078131901,Telangana,Nizamabad,Indalwai,Chandrainpally,18.51181,78.22206,,,
W181900079590004,Telangana,Mulugu,Venkatapur,Lakshmidevipet,18.31667,79.98333,,,
W174713079483301,Telangana,Warangal,Nekkonda,Gundrapalli,17.78702,79.81524,,,
W174150077314001,Telangana,Sangareddy,Zahirabad,Satwar,17.6997,77.5258,,,
W125912080145903,Tamil Nadu,Chennai,Chennai,Thiruvanmiyur,12.9867,80.2497,,,
W112037079131301,Tamil Nadu,Ariyalur,Sendurai,Manakudaiyan,11.34361,79.22047,,,
W110515077104501,Tamil Nadu,Coimbatore,Sulur,Karumathampatty,11.0875,77.1792,,,
W115700078030001,Tamil Nadu,Dharmapuri,Nallampalli,Thoppur,11.95,78.05,,,
W124843079563201,Tamil Nadu,Kancheepuram,Kunnattur,Vadakkupattu,12.81194,79.94222,,,
W081835077125102,Tamil Nadu,Kanniyakumari,Munchira,Nalloor,8.30972,77.2142,,,
W122819078125501,Tamil Nadu,Krishnagiri,Krishnagiri,Sundekuppam,12.47213,78.21544,,,
W095515077530001,Tamil Nadu,Madurai,Chellampatti,Thidiyan,9.92083,77.8833,,,
W111312078100001,Tamil Nadu,Namakkal,Namakkal,Namakkal,11.22,78.1667,,,
W095125078290001,Tamil Nadu,Sivaganga,Sivaganga,Sivaganga,9.85694,78.4833,,,
W125735079064501,Tamil Nadu,Vellore,Katpadi,Jabrapettai,12.95975,79.1125,,,
W121230078423001,Tamil Nadu,Tiruvannamalai,Chengam,Melravandavadi,12.2083,78.7083,,,
W094233077180201,Tamil Nadu,Theni,Kambam,N.T.Patti-Hills,9.70917,77.3006,,,
W115431075452101,Kerala,Kannur,Peravoor,Manathana,11.911,75.7567,,,
W122618075093401,Kerala,Kasaragod,Karadka,Cherippady,12.4386,75.1597,,,
W094530076343001,Kerala,Kottayam,Uzhavoor,Kuravilangad,9.75734,76.5533,,,
W104055076491601,Kerala,Palakkad,Chittur,Ellissery,10.6819,76.8211,,,
W085540076550001,Kerala,Kollam,Anchal,Anchal,8.93583,76.9167,,,
W093942077093501,Kerala,Idukki,Kattappana,Anakkara,9.66375,77.1595,,,
W113726076434001,Kerala,Wayanad,Kalpetta,Munderi-Kalpetta,11.6241,76.0728,,,
W253003091544401,Meghalaya,East Khasi Hills,Mylliem,Lau_Sio_Mi,25.50106,91.91225,,,
W253356091534601,Meghalaya,East Khasi Hills,Mylliem,Water Resources Dept,25.56556,91.89611,,,
W251501091443902,Meghalaya,East Khasi Hills,Shella Bholaganj,Nit Cherrapunji,25.25028,91.74416,,,
W255318090293501,Meghalaya,North Garo Hills,Bajengdoba,Bajengdoba,25.88845,90.49319,,,
W254960090273401,Meghalaya,North Garo Hills,Resubelpara,Mendal,25.83316,90.45956,,,
W255350090383601,Meghalaya,North Garo Hills,Resubelpara,Mendipathar,25.89708,90.64324,,,
W255451091562901,Meghalaya,Ri Bhoi,Umling,Purduwa,25.91417,91.94139,,,
W254457091501401,Meghalaya,Ri Bhoi,Umsning,Rpbf Kyrdemkulai,25.74917,91.83722,,,
W254657092010601,Meghalaya,Ri Bhoi,Umsning,Tdoh Umshiaw,25.7825,92.01833,,,
W253431090141001,Meghalaya,West Garo Hills,Rongram,Chasingre,25.5753,90.2362,,,
W253615090151001,Meghalaya,West Garo Hills,Rongram,Rongram,25.6041,90.2527,,,
W254316090114101,Meghalaya,West Garo Hills,Salsella,Dadongre,25.721,90.1947,,,
W235005091403301,Tripura,Khowai,Teliamura,Chakmaghat,23.83469,91.67576,,,
W240324092120401,Tripura,North Tripura,Dasda,Kanchanpur Court,24.05667,92.20111,,,
W230200091411302,Tripura,South Tripura,Satchand,Tuichama,23.03336,91.687,,,
W230325091392401,Tripura,South Tripura,Satchand,Rajib Nagar,23.05696,91.6566,,,
W234814091195201,Tripura,West Tripura,Dukli,Nagicherra Ow,23.80389,91.33111,,,
W235219091204101,Tripura,West Tripura,Old Agartala,Bodhjungnagar,23.87194,91.34472,,,
W273751095565701,Arunachal Pradesh,Namsai,Namsai,Wingko,27.63077,95.9492,,,
W273808095540601,Arunachal Pradesh,Namsai,Namsai,Adi Ningroo,27.63561,95.90167,,,
W273808095540602,Arunachal Pradesh,Namsai,Namsai,Adi Ningroo,27.63561,95.90167,,,
W273956095523601,Arunachal Pradesh,Namsai,Namsai,Namsai,27.66564,95.87663,,,
W255527093460001,Nagaland,Dimapur,Chumukedima,Bamunpukhuri,25.92417,93.76667,,,
W263023091144101,Assam,Bajali,Bajali,Patacharkuchi,26.50628,91.24486,,,
W263307091125201,Assam,Bajali,Bajali,Nityanada,26.55194,91.21445,,,
W261906091005101,Assam,Bajali,Bhabanipur,Dakshin Hati,26.31835,91.01424,,,
W265152094405301,Assam,Baksa,Baksa,Kachubari,26.86469,94.68139,,,
W264216091234101,Assam,Baksa,Baska,Bhabanipur,26.70444,91.39472,,,
W264218091275801,Assam,Baksa,Dhamdhama,Barikadanga,26.705,91.46611,,,
W263722091055701,Assam,Baksa,Jalah,Tangabari Gaon,26.62278,91.09917,,,
W263851091142701,Assam,Baksa,Jalah,Bhebla,26.64742,91.24075,,,
W264016091141701,Assam,Baksa,Jalah,Bakua,26.671,91.238,,,
W264058093095401,Assam,Biswanath,Biswanath,Garvitor Goaltoli,26.68278,93.165,,,
w264436093095701,Assam,Biswanath,Biswanath,Dagaon,26.74333,93.16583,,,
W265304093393801,Assam,Biswanath,Pub Chaiduar,Gopalpur,26.88444,93.66056,,,
W262508090464401,Assam,Bongaigaon,Boitamari,Aolaguri OW,26.419,90.779,,,
W244706092473001,Assam,Cachar,Silchar,Silchar,24.78501,92.79186,,,
W263408091113101,Assam,Darrang,Bechimari,Dalgaon,26.57146,92.19399,,,
W263635092173201,Assam,Darrang,Bechimari,Silbori,26.60972,92.29222,,,
W262928091054201,Assam,Darrang,Pub Mangaldai,Dhula,26.49111,92.095,,,
W262735091513001,Assam,Darrang,Sipajhar,Dipila,26.45972,91.85833,,,
W262813091473701,Assam,Darrang,Sipajhar,Malibaritari,26.47028,91.79361,,,
W272550094154501,Assam,Dhemaji,Bordoloni,Gogamukh,27.43056,94.2625,,,
W272610094313001,Assam,Dhemaji,Dhemaji,Chengali Pather,27.43611,94.525,,,
W261126090212201,Assam,Dhubri,Chapar Salkocha,Chandardinga,26.19046,90.35611,,,
W261226090174401,Assam,Dhubri,Chapar Salkocha,Sonamukhi,26.20717,90.29547,,,
W261836090243601,Assam,Dhubri,Chapar Salkocha,Falimari,26.31,90.41,,,
W261420090222701,Assam,Dhubri,Hatidhura,Sarpamari,26.23898,90.37464,,,
W255505090454201,Assam,Goalpara,Kuchdhowa,Nisangram,25.91817,90.76171,,,
W255855091033301,Assam,Goalpara,Kuchdhowa,Digheli,25.98186,91.0591,,,
W260606090471201,Assam,Goalpara,Matia,Dalgoma,26.10165,90.78671,,,
W244240092340701,Assam,Hailakandi,Hailakandi,Boalipar,24.71111,92.56861,,,
W243860092351601,Assam,Hailakandi,Lala,Kuchila,24.65,92.58778,,,
W242254092330001,Assam,Hailakandi,South Hailakandi,Alaichera,24.38177,92.55014,,,
W242330092333301,Assam,Hailakandi,South Hailakandi,Alaichera,24.39167,92.55917,,,
W263747094195601,Assam,Jorhat,Jorhat,Nagajanga,26.62979,94.33231,,,
W264439094113201,Assam,Jorhat,North West Jorhat,2No. Sonarigaon,26.74417,94.19228,,,
W263844094111501,Assam,Jorhat,Titabor,Jalukunibari,26.64555,94.18758,,,
W255623091081901,Assam,Kamrup,Boko,Dhupguri,25.93971,91.13873,,,
W260259091172201,Assam,Kamrup,Bongaon,Jambari,26.0498,91.28932,,,
W255111091221401,Assam,Kamrup,Chayani,Ranikhamar,25.85295,91.37043,,,
W261817091425801,Assam,Kamrup,Kamalpur,Madanpur,26.30458,91.71613,,,
W255835091303001,Assam,Kamrup,Rani,Garopara,25.9764,91.50837,,,
W262100092524801,Assam,Kamrup Metro,Bezera (Pt),IIT Guwahtai,26.1859,91.6955,,,
W260729091455901,Assam,Kamrup Metro,Guwahati,Saukuchi,26.12472,91.76639,,,
W260748091453601,Assam,Kamrup Metro,Guwahati,DGM,26.13,91.76,,,
W261948092510001,Assam,Kamrup Metro,Guwahati,Cgwb Betkuchi,26.1136,91.7221,,,
W261912092224801,Assam,Kamrup Metro,Rani (Pt),Kahikuchi,26.1064,91.6093,,,
W255812093354601,Assam,Karbi Anglong,Bokajan,Dillai,25.97011,93.59617,,,
W255800093261801,Assam,Karbi Anglong,Lumbajong,Manja,25.9667,93.4382,,,
W270842094210001,Assam,Lakhimpur,Ghilamara,Sonari Chapori,27.145,94.35,,,
W271303094193901,Assam,Lakhimpur,Ghilamara,Gossai Chapori,27.2174,94.32754,,,
W271156094263401,Assam,Lakhimpur,Lakhimpur,N Lakhimpur,27.19889,94.44278,,,
W265656094054901,Assam,Majuli,Majuli,Chilkolagaon,26.94894,94.09695,,,
W261444492184201,Assam,Marigaon,Bhurbandha,Basanaghat,26.24568,92.31165,,,
W261106092134204,Assam,Marigaon,Mayang,Jagibhagatgaon,26.18488,92.22843,,,
W261010092352101,Assam,Nagaon,Raha,Balijuri,26.16944,92.58916,,,
W264619094332901,Assam,Sivasagar,Amguri,Haluwating,26.77217,94.55818,,,
W271156094450001,Assam,Sivasagar,Demow,Garbhaga,27.19889,94.75,,,
W265042094312301,Assam,Sivasagar,Gaurisagar,Jorabari Satra,26.845,94.523,,,
W264213092571001,Assam,Sonitpur,Naduar,Tolakbari Ow,26.70361,92.95286,,,
W264636092541901,Assam,Sonitpur,Naduar,Panigaon Ow,26.77669,92.90532,,,
W263118091433501,Assam,Tamulpur,Goreswar,Bengenahati,26.52175,91.72633,,,
W264034091401101,Assam,Tamulpur,Nagrijuli,Dakhin Dongargaon,26.67611,91.66972,,,
W264427091485201,Assam,Udalguri,Bhergaon,Dimakuchi,26.74083,91.81445,,,
W263515091563801,Assam,Udalguri,Kalaigaon,Bholabari,26.58738,91.94386,,,
W264712092173701,Assam,Udalguri,Mazbat,Mazbat,26.78667,92.29361,,,
W264731092040701,Assam,Udalguri,Odalguri,Khaurung,26.79194,92.06861,,,
W263220092044001,Assam,Udalguri,Pub Mangaldai,Bhakatpara,26.53889,92.07778,,,
